customer_id,country,age_group,email_opt_in,recency_days,frequency,monetary,avg_order_value,return_rate_pct,last_purchase_date,first_purchase_date
C0214,Portugal,55-64,1,3,29,2805.38,96.74,0.0,2024-12-29,2024-06-07
C0413,France,18-24,1,9,29,2793.81,96.34,0.0,2024-12-23,2024-06-19
C0507,Switzerland,18-24,1,1,24,2786.93,116.12,0.0,2024-12-31,2024-06-01
C0303,Portugal,18-24,1,16,29,2683.67,92.54,0.0,2024-12-16,2024-06-13
C0304,Germany,65+,0,13,30,2678.16,89.27,0.0,2024-12-19,2024-06-03
C0412,Australia,45-54,1,2,29,2645.62,91.23,3.3,2024-12-30,2024-06-02
C0401,Spain,25-34,1,3,29,2645.45,91.22,3.3,2024-12-29,2024-06-02
C0202,United Kingdom,25-34,1,3,27,2609.3,96.64,0.0,2024-12-29,2024-06-14
C0408,Netherlands,55-64,1,6,25,2547.29,101.89,0.0,2024-12-26,2024-06-21
C0210,France,65+,1,2,26,2466.04,94.85,0.0,2024-12-30,2024-06-20
C0311,Netherlands,45-54,1,2,28,2453.06,87.61,0.0,2024-12-30,2024-06-05
C0205,Portugal,35-44,0,1,24,2420.98,100.87,11.1,2024-12-31,2024-06-14
C0104,United Kingdom,18-24,1,23,29,2395.13,82.59,3.3,2024-12-09,2024-06-13
C0301,Portugal,65+,1,3,27,2392.92,88.63,3.6,2024-12-29,2024-06-05
C0211,Belgium,18-24,1,8,30,2379.66,79.32,0.0,2024-12-24,2024-06-06
C0014,Belgium,25-34,1,9,29,2336.03,80.55,3.3,2024-12-23,2024-06-11
C0006,France,65+,1,4,30,2332.82,77.76,0.0,2024-12-28,2024-06-25
C0302,Belgium,55-64,1,3,26,2308.91,88.8,0.0,2024-12-29,2024-06-09
C0204,France,45-54,1,3,29,2290.84,78.99,3.3,2024-12-29,2024-06-12
C0001,United Kingdom,65+,1,8,29,2287.92,78.89,3.3,2024-12-24,2024-06-03
C0305,USA,55-64,1,4,23,2277.34,99.01,0.0,2024-12-28,2024-06-14
C0511,Portugal,65+,0,1,24,2260.99,94.21,7.7,2024-12-31,2024-06-13
C0310,Australia,55-64,1,2,24,2243.58,93.48,0.0,2024-12-30,2024-06-03
C0503,Australia,35-44,0,12,25,2241.5,89.66,0.0,2024-12-20,2024-06-19
C0009,United Kingdom,65+,1,5,26,2221.51,85.44,0.0,2024-12-27,2024-06-01
C0101,France,18-24,1,6,29,2218.2,76.49,0.0,2024-12-26,2024-06-02
C0105,Australia,45-54,1,2,22,2181.5,99.16,0.0,2024-12-30,2024-06-04
C0013,Portugal,65+,1,4,25,2181.31,87.25,7.4,2024-12-28,2024-06-20
C0207,Portugal,55-64,1,6,26,2142.29,82.4,7.1,2024-12-26,2024-06-17
C0203,Portugal,18-24,0,11,29,2113.83,72.89,0.0,2024-12-21,2024-06-01
C0403,Belgium,55-64,1,5,22,2087.7,94.9,4.3,2024-12-27,2024-06-06
C0508,United Kingdom,35-44,0,1,27,2078.59,76.98,3.6,2024-12-31,2024-06-01
C0111,Netherlands,35-44,1,3,25,2074.89,83.0,7.4,2024-12-29,2024-06-01
C0313,Netherlands,35-44,1,9,22,2073.52,94.25,4.3,2024-12-23,2024-06-09
C0103,Switzerland,45-54,1,12,21,2056.84,97.94,0.0,2024-12-20,2024-06-10
C0307,Australia,25-34,0,22,26,2040.37,78.48,0.0,2024-12-10,2024-06-02
C0501,Spain,65+,0,8,27,2038.22,75.49,3.6,2024-12-24,2024-06-01
C0008,Switzerland,18-24,1,7,23,2029.81,88.25,4.2,2024-12-25,2024-06-04
C0012,Germany,25-34,0,1,21,2021.96,96.28,0.0,2024-12-31,2024-06-10
C0010,Germany,55-64,1,4,26,2009.06,77.27,0.0,2024-12-28,2024-06-14
C0100,Spain,65+,1,2,21,1994.95,95.0,4.5,2024-12-30,2024-06-03
C0004,Australia,55-64,1,6,22,1961.74,89.17,0.0,2024-12-26,2024-06-08
C0200,Switzerland,18-24,0,1,23,1953.85,84.95,0.0,2024-12-31,2024-07-05
C0314,Germany,55-64,1,20,28,1933.32,69.05,6.7,2024-12-12,2024-06-13
C0212,Switzerland,25-34,0,9,24,1916.66,79.86,0.0,2024-12-23,2024-07-23
C0208,Netherlands,25-34,1,21,21,1904.81,90.71,4.5,2024-12-11,2024-06-02
C0405,Netherlands,45-54,1,16,29,1885.33,65.01,0.0,2024-12-16,2024-06-07
C0109,Spain,65+,0,8,27,1884.08,69.78,0.0,2024-12-24,2024-06-12
C0502,USA,65+,0,12,20,1881.65,94.08,0.0,2024-12-20,2024-06-13
C0409,France,35-44,1,13,28,1853.82,66.21,0.0,2024-12-19,2024-06-12
C0206,Belgium,65+,0,8,24,1833.2,76.38,4.0,2024-12-24,2024-06-07
C0110,Netherlands,45-54,1,4,25,1828.23,73.13,3.8,2024-12-28,2024-06-03
C0402,Switzerland,55-64,1,4,23,1808.48,78.63,4.2,2024-12-28,2024-06-04
C0505,Belgium,55-64,0,19,25,1781.07,71.24,0.0,2024-12-13,2024-06-01
C0309,Spain,65+,0,6,24,1765.97,73.58,4.0,2024-12-26,2024-06-13
C0213,France,25-34,0,32,20,1753.19,87.66,0.0,2024-11-30,2024-06-01
C0102,USA,18-24,0,12,15,1724.81,114.99,0.0,2024-12-20,2024-06-26
C0411,Belgium,55-64,1,9,22,1721.74,78.26,0.0,2024-12-23,2024-07-03
C0510,USA,25-34,1,11,16,1707.79,106.74,5.9,2024-12-21,2024-07-05
C0513,Australia,45-54,1,16,16,1697.67,106.1,0.0,2024-12-16,2024-06-15
C0308,Belgium,65+,1,12,20,1691.62,84.58,0.0,2024-12-20,2024-07-19
C0514,United Kingdom,18-24,1,1,25,1690.19,67.61,0.0,2024-12-31,2024-06-06
C0404,France,45-54,0,8,19,1687.68,88.83,0.0,2024-12-24,2024-06-13
C0512,France,65+,1,9,16,1640.54,102.53,0.0,2024-12-23,2024-06-10
C0106,Portugal,25-34,1,24,19,1625.36,85.55,0.0,2024-12-08,2024-06-01
C0306,USA,65+,1,2,21,1608.05,76.57,4.5,2024-12-30,2024-06-15
C0506,Portugal,35-44,1,1,25,1603.08,64.12,0.0,2024-12-31,2024-06-20
C0209,Germany,65+,1,10,25,1575.81,63.03,0.0,2024-12-22,2024-06-08
C0002,France,65+,1,1,22,1569.53,71.34,0.0,2024-12-31,2024-06-03
C0108,France,65+,0,27,19,1513.7,79.67,0.0,2024-12-05,2024-06-30
C0414,Australia,35-44,1,17,19,1492.89,78.57,0.0,2024-12-15,2024-06-01
C0406,Australia,45-54,1,12,23,1472.14,64.01,0.0,2024-12-20,2024-06-14
C0500,Spain,35-44,1,13,17,1465.81,86.22,0.0,2024-12-19,2024-06-01
C0400,Spain,45-54,1,9,18,1459.94,81.11,5.3,2024-12-23,2024-06-05
C0201,Switzerland,65+,1,11,17,1442.97,84.88,0.0,2024-12-21,2024-06-26
C0300,Belgium,25-34,1,5,18,1439.6,79.98,0.0,2024-12-27,2024-06-20
C0112,France,25-34,1,6,20,1435.61,71.78,4.8,2024-12-26,2024-06-12
C0312,Belgium,18-24,1,26,15,1418.38,94.56,0.0,2024-12-06,2024-06-12
C0011,Germany,18-24,1,17,19,1359.34,71.54,5.0,2024-12-15,2024-06-10
C0114,Switzerland,18-24,0,11,17,1349.47,79.38,0.0,2024-12-21,2024-06-05
C0407,United Kingdom,18-24,0,1,16,1324.1,82.76,0.0,2024-12-31,2024-06-02
C0509,France,25-34,1,20,18,1322.99,73.5,5.3,2024-12-12,2024-06-07
C0410,Belgium,18-24,1,9,19,1314.59,69.19,5.0,2024-12-23,2024-06-03
C0600,Australia,35-44,0,2,18,1314.06,73.0,0.0,2024-12-30,2024-06-08
C0003,United Kingdom,18-24,1,9,17,1313.29,77.25,0.0,2024-12-23,2024-06-03
C0007,France,25-34,1,2,14,1270.47,90.75,6.7,2024-12-30,2024-06-15
C0005,Spain,45-54,1,7,15,1256.79,83.79,0.0,2024-12-25,2024-06-18
C0107,USA,65+,0,6,16,1229.95,76.87,0.0,2024-12-26,2024-06-02
C0504,Australia,65+,1,10,16,1212.27,75.77,5.9,2024-12-22,2024-06-05
C0025,Netherlands,55-64,1,2,13,1099.35,84.57,7.1,2024-12-30,2024-01-22
C0519,United Kingdom,55-64,1,18,12,1057.4,88.12,0.0,2024-12-14,2024-03-26
C0113,Germany,45-54,1,13,20,1051.31,52.57,0.0,2024-12-19,2024-06-07
C0329,Spain,55-64,1,70,15,1023.83,68.26,0.0,2024-10-23,2024-02-09
C0434,Portugal,35-44,1,55,14,1003.61,71.69,0.0,2024-11-07,2024-01-28
C0021,USA,45-54,1,13,13,847.85,65.22,0.0,2024-12-19,2024-03-20
C0032,United Kingdom,25-34,1,24,14,842.77,60.2,0.0,2024-12-08,2024-01-09
C0024,Switzerland,45-54,0,40,14,841.32,60.09,0.0,2024-11-22,2024-01-08
C0433,Spain,65+,0,16,15,835.36,55.69,0.0,2024-12-16,2024-01-23
C0516,France,18-24,0,12,14,829.6,59.26,6.7,2024-12-20,2024-01-08
C0016,Portugal,45-54,1,61,14,826.93,59.07,0.0,2024-11-01,2024-02-02
C0316,USA,65+,1,16,15,824.06,54.94,0.0,2024-12-16,2024-01-27
C0123,Netherlands,45-54,1,17,13,817.4,62.88,0.0,2024-12-15,2024-01-10
C0126,Belgium,25-34,1,12,14,809.58,57.83,6.7,2024-12-20,2024-01-01
C0522,Spain,55-64,1,5,15,777.55,51.84,0.0,2024-12-27,2024-03-23
C0531,France,35-44,1,3,13,775.39,59.65,0.0,2024-12-29,2024-01-13
C0315,Netherlands,65+,0,28,11,773.91,70.36,0.0,2024-12-04,2024-01-05
C0419,USA,35-44,0,3,14,769.4,54.96,0.0,2024-12-29,2024-01-17
C0231,Portugal,35-44,1,61,15,762.0,50.8,0.0,2024-11-01,2024-01-16
C0023,France,65+,0,11,12,761.24,63.44,0.0,2024-12-21,2024-05-10
C0530,United Kingdom,18-24,1,89,14,760.45,54.32,6.7,2024-10-04,2024-01-03
C0232,Belgium,18-24,1,11,14,760.23,54.3,0.0,2024-12-21,2024-01-22
C0418,USA,35-44,0,19,15,757.43,50.5,0.0,2024-12-13,2024-04-03
C0422,Netherlands,65+,1,1,12,754.08,62.84,0.0,2024-12-31,2024-01-06
C0234,Germany,65+,1,28,13,740.27,56.94,0.0,2024-12-04,2024-01-02
C0132,USA,65+,0,54,10,732.31,73.23,0.0,2024-11-08,2024-02-06
C0216,Netherlands,65+,1,8,9,724.83,80.54,0.0,2024-12-24,2024-01-01
C0020,Netherlands,25-34,1,17,12,720.23,60.02,7.7,2024-12-15,2024-01-17
C0015,USA,65+,1,19,12,717.24,59.77,7.7,2024-12-13,2024-02-06
C0134,Netherlands,65+,1,5,13,712.13,54.78,0.0,2024-12-27,2024-02-28
C0218,Netherlands,45-54,1,33,13,710.41,54.65,0.0,2024-11-29,2024-05-20
C0215,Netherlands,45-54,1,9,11,704.18,64.02,0.0,2024-12-23,2024-02-03
C0034,Portugal,55-64,1,30,14,691.7,49.41,0.0,2024-12-02,2024-01-18
C0233,United Kingdom,55-64,1,20,11,691.4,62.85,8.3,2024-12-12,2024-01-29
C0018,Netherlands,18-24,1,13,12,676.13,56.34,0.0,2024-12-19,2024-03-21
C0127,United Kingdom,25-34,1,39,14,671.36,47.95,6.7,2024-11-23,2024-01-03
C0326,Australia,25-34,0,26,11,659.26,59.93,8.3,2024-12-06,2024-01-03
C0030,Australia,55-64,1,1,11,649.47,59.04,8.3,2024-12-31,2024-01-26
C0128,Spain,25-34,1,11,11,646.5,58.77,8.3,2024-12-21,2024-05-13
C0229,Germany,25-34,0,36,13,640.61,49.28,7.1,2024-11-26,2024-01-28
C0031,United Kingdom,18-24,1,11,14,638.98,45.64,0.0,2024-12-21,2024-01-16
C0223,Spain,55-64,1,26,11,637.72,57.97,8.3,2024-12-06,2024-01-24
C0431,USA,45-54,1,25,13,635.18,48.86,0.0,2024-12-07,2024-01-12
C0225,France,18-24,1,10,11,629.87,57.26,0.0,2024-12-22,2024-01-01
C0533,USA,45-54,1,12,14,629.81,44.99,0.0,2024-12-20,2024-01-04
C0523,Netherlands,45-54,1,7,10,621.02,62.1,0.0,2024-12-25,2024-02-10
C0425,United Kingdom,45-54,0,13,15,619.27,41.28,0.0,2024-12-19,2024-01-03
C0227,Australia,35-44,1,13,10,616.26,61.63,0.0,2024-12-19,2024-01-26
C0428,Australia,25-34,1,30,12,612.49,51.04,0.0,2024-12-02,2024-02-02
C0521,Germany,18-24,1,34,12,611.39,50.95,0.0,2024-11-28,2024-03-10
C0027,Portugal,18-24,1,43,12,610.82,50.9,0.0,2024-11-19,2024-01-15
C0129,Portugal,65+,1,13,12,607.41,50.62,7.7,2024-12-19,2024-01-04
C0417,Portugal,25-34,1,3,11,603.8,54.89,0.0,2024-12-29,2024-01-05
C0324,United Kingdom,45-54,1,56,10,594.83,59.48,0.0,2024-11-06,2024-01-05
C0115,USA,65+,0,61,11,577.75,52.52,0.0,2024-11-01,2024-01-05
C0534,France,65+,1,29,11,575.7,52.34,0.0,2024-12-03,2024-01-20
C0124,Belgium,35-44,1,14,12,570.96,47.58,0.0,2024-12-18,2024-01-25
C0117,Australia,65+,1,57,10,567.72,56.77,0.0,2024-11-05,2024-01-17
C0319,France,25-34,0,10,14,558.92,39.92,0.0,2024-12-22,2024-03-04
C0525,Germany,65+,1,2,12,554.78,46.23,0.0,2024-12-30,2024-01-13
C0033,Portugal,18-24,1,30,11,554.3,50.39,8.3,2024-12-02,2024-03-15
C0219,Portugal,18-24,0,43,11,550.59,50.05,0.0,2024-11-19,2024-01-02
C0122,Switzerland,25-34,1,12,8,542.91,67.86,0.0,2024-12-20,2024-03-25
C0320,Spain,25-34,1,5,9,537.43,59.71,10.0,2024-12-27,2024-01-07
C0224,United Kingdom,35-44,1,13,12,529.56,44.13,0.0,2024-12-19,2024-01-11
C0318,Australia,35-44,1,1,10,526.85,52.69,0.0,2024-12-31,2024-01-22
C0524,Portugal,55-64,1,5,11,522.45,47.5,0.0,2024-12-27,2024-01-04
C0052,United Kingdom,25-34,1,607,10,522.13,52.21,0.0,2023-05-05,2022-07-02
C0028,France,55-64,1,5,7,521.84,74.55,12.5,2024-12-27,2024-01-16
C0527,United Kingdom,65+,1,13,12,520.76,43.4,0.0,2024-12-19,2024-01-12
C0116,United Kingdom,35-44,0,46,11,518.97,47.18,8.3,2024-11-16,2024-02-06
C0532,Switzerland,18-24,1,107,11,516.48,46.95,0.0,2024-09-16,2024-01-04
C0429,Australia,45-54,1,19,13,516.12,39.7,0.0,2024-12-13,2024-01-27
C0230,Germany,45-54,1,2,10,514.32,51.43,0.0,2024-12-30,2024-01-12
C0226,France,25-34,1,28,10,511.58,51.16,0.0,2024-12-04,2024-01-11
C0026,Belgium,18-24,0,25,8,509.46,63.68,0.0,2024-12-07,2024-04-01
C0528,Switzerland,65+,1,4,13,507.4,39.03,0.0,2024-12-28,2024-02-28
C0022,Australia,45-54,1,9,13,501.5,38.58,0.0,2024-12-23,2024-01-26
C0332,Portugal,55-64,0,22,10,498.77,49.88,9.1,2024-12-10,2024-01-08
C0330,Portugal,35-44,1,9,10,497.52,49.75,0.0,2024-12-23,2024-04-29
C0327,Belgium,65+,0,56,9,494.62,54.96,0.0,2024-11-06,2024-07-02
C0325,USA,35-44,0,15,8,492.65,61.58,11.1,2024-12-17,2024-01-05
C0221,Switzerland,35-44,1,84,11,490.79,44.62,0.0,2024-10-09,2024-01-14
C0515,Switzerland,25-34,1,15,9,487.9,54.21,0.0,2024-12-17,2024-01-29
C0121,USA,55-64,1,15,13,486.12,37.39,0.0,2024-12-17,2024-01-12
C0228,Netherlands,65+,1,41,9,476.47,52.94,0.0,2024-11-21,2024-03-17
C0328,Netherlands,45-54,0,26,13,474.88,36.53,7.1,2024-12-06,2024-03-06
C0416,France,65+,0,6,9,473.85,52.65,0.0,2024-12-26,2024-01-22
C0353,Spain,18-24,1,551,10,468.42,46.84,0.0,2023-06-30,2022-07-31
C0321,Germany,55-64,1,11,10,463.33,46.33,0.0,2024-12-21,2024-01-29
C0426,Switzerland,65+,0,10,11,460.54,41.87,0.0,2024-12-22,2024-01-03
C0423,USA,45-54,0,33,8,459.32,57.41,0.0,2024-11-29,2024-03-12
C0217,Portugal,35-44,1,3,9,456.81,50.76,10.0,2024-12-29,2024-03-16
C0120,Portugal,25-34,1,71,9,452.03,50.23,0.0,2024-10-22,2024-05-03
C0131,Netherlands,18-24,1,73,9,450.22,50.02,0.0,2024-10-20,2024-02-02
C0398,USA,25-34,1,153,4,449.33,112.33,0.0,2024-08-01,2024-04-19
C0551,Germany,25-34,1,567,10,446.91,44.69,0.0,2023-06-14,2022-09-06
C0541,Netherlands,25-34,1,558,10,445.41,44.54,0.0,2023-06-23,2022-08-07
C0146,Australia,25-34,0,551,10,445.35,44.53,0.0,2023-06-30,2022-06-03
C0240,Portugal,45-54,1,569,9,445.05,49.45,0.0,2023-06-12,2022-08-18
C0443,Switzerland,65+,0,613,10,436.28,43.63,0.0,2023-04-29,2022-06-10
C0019,Portugal,45-54,0,40,7,430.14,61.45,12.5,2024-11-22,2024-03-05
C0529,United Kingdom,25-34,0,2,8,424.71,53.09,0.0,2024-12-30,2024-02-09
C0335,Switzerland,18-24,1,584,8,424.58,53.07,0.0,2023-05-28,2022-06-06
C0334,United Kingdom,45-54,1,33,13,424.42,32.65,0.0,2024-11-29,2024-01-09
C0518,United Kingdom,18-24,0,35,8,423.39,52.92,0.0,2024-11-27,2024-01-17
C0119,Switzerland,35-44,0,84,8,421.6,52.7,0.0,2024-10-09,2024-02-20
C0220,USA,35-44,1,40,8,416.39,52.05,0.0,2024-11-22,2024-01-04
C0526,Switzerland,45-54,0,31,8,416.17,52.02,0.0,2024-12-01,2024-05-23
C0294,Spain,35-44,1,61,7,411.09,58.73,0.0,2024-11-01,2024-04-01
C0333,Spain,45-54,1,11,9,405.61,45.07,10.0,2024-12-21,2024-01-05
C0130,USA,55-64,1,30,8,396.34,49.54,0.0,2024-12-02,2024-03-12
C0427,USA,45-54,1,14,10,394.86,39.49,0.0,2024-12-18,2024-02-11
C0125,Netherlands,18-24,1,15,9,392.24,43.58,0.0,2024-12-17,2024-02-24
C0245,Australia,25-34,1,568,10,389.84,38.98,0.0,2023-06-13,2022-06-04
C0451,Belgium,25-34,0,606,10,389.42,38.94,0.0,2023-05-06,2022-07-03
C0447,France,65+,1,554,8,383.04,47.88,0.0,2023-06-27,2022-07-05
C0145,Spain,18-24,0,555,10,382.85,38.28,0.0,2023-06-26,2022-06-11
C0050,Australia,18-24,1,682,10,380.6,38.06,0.0,2023-02-19,2022-06-03
C0185,Switzerland,55-64,0,59,7,379.45,54.21,0.0,2024-11-03,2024-05-19
C0222,Netherlands,25-34,1,8,9,378.19,42.02,0.0,2024-12-24,2024-03-04
C0590,Germany,25-34,1,36,7,377.53,53.93,0.0,2024-11-26,2024-04-13
C0432,Australia,35-44,1,15,10,374.08,37.41,0.0,2024-12-17,2024-02-27
C0430,Australia,35-44,1,30,10,371.95,37.2,0.0,2024-12-02,2024-04-19
C0331,Germany,35-44,1,41,8,371.7,46.46,11.1,2024-11-21,2024-01-27
C0520,United Kingdom,55-64,0,8,10,370.59,37.06,0.0,2024-12-24,2024-01-05
C0322,USA,25-34,0,14,10,369.35,36.94,0.0,2024-12-18,2024-01-16
C0154,USA,35-44,1,560,9,368.11,40.9,0.0,2023-06-21,2022-07-22
C0437,Germany,35-44,1,601,10,366.45,36.64,0.0,2023-05-11,2022-06-04
C0394,Australia,35-44,1,1,7,364.9,52.13,0.0,2024-12-31,2024-05-08
C0289,Belgium,55-64,0,21,5,362.14,72.43,0.0,2024-12-11,2024-05-24
C0187,Portugal,18-24,1,7,7,361.87,51.7,0.0,2024-12-25,2024-04-02
C0142,United Kingdom,45-54,1,623,10,360.7,36.07,0.0,2023-04-19,2022-07-27
C0133,Germany,55-64,1,27,8,358.81,44.85,0.0,2024-12-05,2024-01-22
C0421,Switzerland,55-64,1,74,8,354.4,44.3,0.0,2024-10-19,2024-03-12
C0118,Spain,35-44,0,61,6,353.59,58.93,25.0,2024-11-01,2024-03-23
C0041,Spain,35-44,0,560,9,352.23,39.14,10.0,2023-06-21,2022-07-17
C0153,Spain,65+,1,586,6,351.81,58.63,0.0,2023-05-26,2022-06-17
C0420,Portugal,18-24,1,33,8,350.28,43.78,0.0,2024-11-29,2024-01-02
C0097,Portugal,45-54,1,80,5,349.12,69.82,0.0,2024-10-13,2024-05-07
C0093,Belgium,45-54,1,31,6,345.93,57.66,0.0,2024-12-01,2024-05-21
C0323,France,25-34,1,113,8,345.48,43.19,0.0,2024-09-10,2024-02-12
C0444,Netherlands,35-44,1,581,9,343.2,38.13,0.0,2023-05-31,2022-06-22
C0415,Switzerland,55-64,1,39,9,336.54,37.39,0.0,2024-11-23,2024-02-01
C0141,Portugal,55-64,0,576,9,336.19,37.35,10.0,2023-06-05,2022-08-13
C0053,Netherlands,45-54,0,554,9,334.13,37.13,0.0,2023-06-27,2022-07-21
C0029,USA,25-34,1,29,8,334.08,41.76,0.0,2024-12-03,2024-04-17
C0538,Spain,35-44,0,614,8,332.43,41.55,0.0,2023-04-28,2022-06-02
C0485,United Kingdom,45-54,1,7,7,328.53,46.93,0.0,2024-12-25,2024-04-26
C0043,Portugal,45-54,1,551,10,327.85,32.79,0.0,2023-06-30,2022-08-23
C0290,Netherlands,18-24,1,22,7,327.05,46.72,0.0,2024-12-10,2024-04-09
C0442,Germany,65+,1,581,10,327.04,32.7,0.0,2023-05-31,2022-08-06
C0545,Australia,55-64,0,581,10,326.0,32.6,0.0,2023-05-31,2022-06-23
C0352,Germany,65+,1,560,9,324.27,36.03,0.0,2023-06-21,2022-06-14
C0536,Germany,35-44,0,564,9,322.43,35.83,0.0,2023-06-17,2022-07-19
C0337,France,18-24,0,563,10,322.25,32.23,0.0,2023-06-18,2022-06-10
C0241,Belgium,55-64,1,563,7,314.35,44.91,0.0,2023-06-18,2022-06-16
C0045,United Kingdom,65+,1,636,7,314.05,44.86,0.0,2023-04-06,2022-12-07
C0249,Belgium,25-34,1,567,6,312.74,52.12,0.0,2023-06-14,2022-08-23
C0594,Portugal,35-44,1,101,6,311.49,51.91,0.0,2024-09-22,2024-05-23
C0244,Belgium,25-34,1,558,8,307.82,38.48,0.0,2023-06-23,2022-06-19
C0496,Belgium,65+,0,6,6,306.93,51.16,0.0,2024-12-26,2024-03-23
C0336,Belgium,18-24,1,596,7,303.06,43.29,0.0,2023-05-16,2022-06-14
C0051,Switzerland,45-54,1,580,5,302.95,60.59,0.0,2023-06-01,2022-06-16
C0035,USA,45-54,1,553,8,300.27,37.53,0.0,2023-06-28,2022-06-20
C0248,Germany,65+,1,557,10,299.54,29.95,0.0,2023-06-24,2022-06-28
C0136,Australia,65+,1,630,8,297.79,37.22,11.1,2023-04-12,2022-06-19
C0251,Australia,18-24,1,650,10,295.48,29.55,0.0,2023-03-23,2022-06-09
C0247,France,25-34,1,603,10,292.79,29.28,0.0,2023-05-09,2022-06-17
C0585,Australia,25-34,1,80,7,292.34,41.76,0.0,2024-10-13,2024-05-06
C0295,Germany,55-64,1,21,3,289.59,96.53,25.0,2024-12-11,2024-03-08
C0517,United Kingdom,55-64,0,16,8,288.48,36.06,0.0,2024-12-16,2024-03-04
C0548,Germany,65+,1,575,8,287.36,35.92,11.1,2023-06-06,2022-08-09
C0350,France,18-24,1,556,8,286.84,35.86,0.0,2023-06-25,2022-06-11
C0040,Germany,18-24,1,572,6,284.52,47.42,0.0,2023-06-09,2022-08-09
C0537,United Kingdom,65+,0,584,6,284.52,47.42,0.0,2023-05-28,2022-08-19
C0037,Australia,45-54,1,622,10,283.35,28.34,0.0,2023-04-20,2022-06-04
C0238,Switzerland,65+,0,554,9,281.32,31.26,10.0,2023-06-27,2022-07-31
C0138,France,45-54,1,566,7,278.07,39.72,0.0,2023-06-15,2022-06-27
C0424,Spain,18-24,1,37,6,276.88,46.15,25.0,2024-11-25,2024-01-10
C0495,France,45-54,1,60,7,275.4,39.34,0.0,2024-11-02,2024-03-14
C0254,Netherlands,45-54,1,585,7,274.83,39.26,0.0,2023-05-27,2022-10-20
C0149,Portugal,55-64,1,630,7,273.65,39.09,0.0,2023-04-12,2022-06-01
C0317,Belgium,25-34,1,71,9,273.48,30.39,0.0,2024-10-22,2024-01-06
C0385,Switzerland,55-64,1,94,6,271.02,45.17,14.3,2024-09-29,2024-03-03
C0547,Switzerland,18-24,0,579,10,270.33,27.03,0.0,2023-06-02,2022-06-16
C0399,Switzerland,25-34,1,20,6,269.84,44.97,14.3,2024-12-12,2024-04-21
C0343,USA,25-34,1,586,10,269.67,26.97,0.0,2023-05-26,2022-07-21
C0046,Switzerland,65+,1,774,6,269.07,44.84,0.0,2022-11-19,2022-08-10
C0454,Switzerland,55-64,1,631,5,264.45,52.89,0.0,2023-04-11,2022-06-19
C0592,USA,25-34,0,53,4,263.13,65.78,20.0,2024-11-09,2024-03-06
C0150,Australia,35-44,0,561,10,261.86,26.19,0.0,2023-06-20,2022-07-19
C0491,Australia,35-44,0,17,6,260.12,43.35,0.0,2024-12-15,2024-06-27
C0348,Netherlands,65+,1,642,6,259.99,43.33,0.0,2023-03-31,2022-06-11
C0148,Switzerland,65+,1,590,9,259.51,28.83,0.0,2023-05-22,2022-08-16
C0552,Netherlands,45-54,1,557,5,259.02,51.8,16.7,2023-06-24,2022-08-20
C0354,Netherlands,55-64,0,551,9,256.76,28.53,0.0,2023-06-30,2022-06-04
C0144,USA,65+,1,576,8,256.69,32.09,0.0,2023-06-05,2022-06-24
C0439,France,18-24,1,568,6,256.55,42.76,0.0,2023-06-13,2022-07-04
C0188,Netherlands,45-54,0,31,7,255.35,36.48,0.0,2024-12-01,2024-04-03
C0017,United Kingdom,25-34,1,53,7,252.77,36.11,12.5,2024-11-09,2024-01-26
C0252,Portugal,35-44,1,595,7,251.76,35.97,0.0,2023-05-17,2022-06-09
C0356,United Kingdom,65+,1,799,4,251.61,62.9,0.0,2022-10-25,2022-01-27
C0042,Australia,25-34,0,597,9,250.68,27.85,0.0,2023-05-15,2022-07-05
C0235,Germany,25-34,1,568,5,248.43,49.69,0.0,2023-06-13,2022-06-26
C0349,Belgium,25-34,1,601,5,245.05,49.01,0.0,2023-05-11,2022-07-30
C0054,France,25-34,1,565,9,244.48,27.16,0.0,2023-06-16,2022-07-01
C0236,Portugal,18-24,1,625,9,244.4,27.16,0.0,2023-04-17,2022-06-06
C0147,Portugal,18-24,1,558,7,242.51,34.64,0.0,2023-06-23,2022-07-29
C0494,United Kingdom,55-64,0,13,7,240.41,34.34,0.0,2024-12-19,2024-04-11
C0242,Switzerland,35-44,1,644,7,239.79,34.26,0.0,2023-03-29,2022-08-31
C0445,USA,25-34,1,553,7,239.41,34.2,0.0,2023-06-28,2022-06-17
C0250,France,35-44,1,587,10,232.58,23.26,0.0,2023-05-25,2022-06-03
C0597,Portugal,45-54,0,44,5,231.85,46.37,0.0,2024-11-18,2024-04-28
C0193,Portugal,45-54,0,34,6,231.75,38.63,0.0,2024-11-28,2024-03-12
C0593,France,45-54,1,6,7,231.43,33.06,0.0,2024-12-26,2024-03-06
C0293,Australia,18-24,1,24,3,231.39,77.13,0.0,2024-12-08,2024-05-15
C0598,Portugal,45-54,1,47,5,229.63,45.93,0.0,2024-11-15,2024-06-01
C0189,United Kingdom,65+,1,93,5,228.92,45.78,0.0,2024-09-30,2024-03-03
C0345,USA,45-54,1,685,5,227.7,45.54,16.7,2023-02-16,2022-08-26
C0388,Netherlands,25-34,1,102,3,227.01,75.67,25.0,2024-09-21,2024-03-21
C0275,Australia,25-34,0,31,3,226.21,75.4,0.0,2024-12-01,2024-10-03
C0543,Netherlands,45-54,1,683,6,226.09,37.68,0.0,2023-02-18,2022-07-17
C0553,Spain,65+,0,578,9,224.87,24.99,10.0,2023-06-03,2022-07-26
C0286,Switzerland,55-64,1,56,6,224.86,37.48,0.0,2024-11-06,2024-03-15
C0549,France,65+,1,564,9,224.16,24.91,10.0,2023-06-17,2022-08-26
C0596,Portugal,25-34,0,6,7,222.97,31.85,0.0,2024-12-26,2024-03-29
C0435,Germany,55-64,0,567,5,222.2,44.44,0.0,2023-06-14,2022-09-15
C0140,Spain,18-24,0,554,8,221.92,27.74,0.0,2023-06-27,2022-06-13
C0186,United Kingdom,25-34,1,33,5,220.81,44.16,0.0,2024-11-29,2024-03-17
C0191,Spain,18-24,1,3,4,220.65,55.16,0.0,2024-12-29,2024-03-29
C0588,Belgium,35-44,1,9,5,220.02,44.0,0.0,2024-12-23,2024-05-09
C0489,Netherlands,35-44,1,30,7,218.62,31.23,0.0,2024-12-02,2024-03-31
C0039,United Kingdom,18-24,1,557,7,218.47,31.21,0.0,2023-06-24,2022-06-28
C0441,United Kingdom,18-24,1,587,7,218.22,31.17,0.0,2023-05-25,2022-10-24
C0246,Belgium,25-34,1,567,8,217.51,27.19,0.0,2023-06-14,2022-07-03
C0344,Switzerland,18-24,1,558,7,214.45,30.64,0.0,2023-06-23,2022-06-04
C0237,Switzerland,45-54,0,666,6,213.27,35.55,0.0,2023-03-07,2022-06-23
C0453,USA,65+,1,607,10,213.09,21.31,0.0,2023-05-05,2022-06-23
C0098,Portugal,65+,1,10,7,212.54,30.36,0.0,2024-12-22,2024-03-24
C0440,United Kingdom,65+,1,622,6,210.88,35.15,0.0,2023-04-20,2022-09-13
C0048,Switzerland,25-34,0,564,10,208.66,20.87,0.0,2023-06-17,2022-06-22
C0539,France,65+,0,570,7,208.48,29.78,0.0,2023-06-11,2022-07-23
C0542,Belgium,35-44,1,568,6,205.88,34.31,0.0,2023-06-13,2022-08-15
C0087,United Kingdom,18-24,0,23,5,205.6,41.12,16.7,2024-12-09,2024-06-12
C0438,Spain,25-34,1,654,6,204.27,34.04,0.0,2023-03-19,2022-07-07
C0038,Germany,35-44,1,686,6,203.93,33.99,0.0,2023-02-15,2022-06-28
C0395,Spain,65+,1,35,5,202.25,40.45,0.0,2024-11-27,2024-03-09
C0591,Belgium,65+,0,177,4,202.22,50.55,0.0,2024-07-08,2024-03-05
C0497,Germany,55-64,1,2,6,201.99,33.66,0.0,2024-12-30,2024-04-30
C0450,Australia,45-54,1,584,7,201.2,28.74,0.0,2023-05-28,2022-07-27
C0448,Netherlands,55-64,1,788,5,200.23,40.05,0.0,2022-11-05,2022-07-23
C0355,United Kingdom,65+,1,749,3,198.94,66.31,0.0,2022-12-14,2022-05-23
C0090,United Kingdom,55-64,1,21,6,198.47,33.08,0.0,2024-12-11,2024-03-26
C0488,Netherlands,25-34,1,27,7,198.23,28.32,0.0,2024-12-05,2024-04-26
C0298,USA,25-34,1,17,6,198.14,33.02,0.0,2024-12-15,2024-03-12
C0571,Spain,55-64,1,48,2,197.37,98.69,0.0,2024-11-14,2024-10-12
C0386,France,35-44,1,21,4,197.11,49.28,0.0,2024-12-11,2024-04-10
C0544,France,18-24,0,559,10,196.77,19.68,0.0,2023-06-22,2022-06-06
C0198,Australia,55-64,0,41,4,196.19,49.05,20.0,2024-11-21,2024-05-28
C0461,Belgium,55-64,1,757,4,195.54,48.88,0.0,2022-12-06,2022-01-01
C0196,Netherlands,65+,0,205,3,195.02,65.01,0.0,2024-06-10,2024-03-14
C0587,Belgium,55-64,0,38,6,193.97,32.33,0.0,2024-11-24,2024-03-29
C0338,Portugal,45-54,1,724,5,193.84,38.77,0.0,2023-01-08,2022-06-17
C0253,Australia,25-34,1,577,7,193.1,27.59,0.0,2023-06-04,2022-07-17
C0347,Portugal,18-24,0,670,5,191.19,38.24,0.0,2023-03-03,2022-06-26
C0446,Switzerland,25-34,0,572,6,189.3,31.55,0.0,2023-06-09,2022-06-17
C0137,Portugal,18-24,1,629,7,189.13,27.02,0.0,2023-04-13,2022-07-02
C0192,Portugal,65+,1,21,5,185.49,37.1,0.0,2024-12-11,2024-05-17
C0586,Portugal,18-24,0,163,3,185.22,61.74,0.0,2024-07-22,2024-03-03
C0584,Spain,35-44,1,25,2,183.64,91.82,0.0,2024-12-07,2024-11-18
C0091,Switzerland,18-24,1,42,6,181.9,30.32,0.0,2024-11-20,2024-05-24
C0389,Netherlands,55-64,1,21,6,179.94,29.99,0.0,2024-12-11,2024-03-28
C0341,Germany,18-24,0,754,6,179.56,29.93,0.0,2022-12-09,2022-06-18
C0239,Netherlands,18-24,1,551,8,179.4,22.43,0.0,2023-06-30,2022-06-20
C0243,Germany,65+,1,600,6,178.08,29.68,0.0,2023-05-12,2022-07-20
C0299,Portugal,45-54,0,14,3,175.55,58.52,25.0,2024-12-18,2024-08-31
C0554,Portugal,18-24,1,588,7,175.49,25.07,0.0,2023-05-24,2022-07-29
C0579,Spain,55-64,1,8,3,175.06,58.35,0.0,2024-12-24,2024-10-04
C0498,Netherlands,45-54,1,4,4,174.66,43.66,0.0,2024-12-28,2024-07-16
C0436,Belgium,25-34,1,568,7,173.1,24.73,0.0,2023-06-13,2022-06-15
C0288,United Kingdom,45-54,0,11,6,172.72,28.79,0.0,2024-12-21,2024-03-04
C0339,United Kingdom,35-44,1,562,7,171.77,24.54,0.0,2023-06-19,2023-01-18
C0047,Spain,25-34,0,591,6,170.47,28.41,0.0,2023-05-21,2022-07-10
C0449,Netherlands,45-54,0,691,5,168.82,33.76,0.0,2023-02-10,2022-07-11
C0099,Australia,65+,1,1,5,167.89,33.58,16.7,2024-12-31,2024-03-14
C0151,Netherlands,35-44,1,572,6,167.44,27.91,0.0,2023-06-09,2022-09-08
C0095,USA,55-64,0,20,6,167.07,27.84,0.0,2024-12-12,2024-06-07
C0460,Australia,65+,1,812,4,166.08,41.52,0.0,2022-10-12,2022-02-17
C0096,Netherlands,35-44,0,17,7,161.64,23.09,0.0,2024-12-15,2024-03-17
C0092,Germany,65+,1,12,3,161.18,53.73,0.0,2024-12-20,2024-11-26
C0599,Spain,35-44,1,54,5,161.02,32.2,0.0,2024-11-08,2024-04-24
C0071,Portugal,35-44,1,14,3,158.3,52.77,0.0,2024-12-18,2024-10-30
C0139,Portugal,45-54,1,646,6,157.63,26.27,0.0,2023-03-27,2022-07-31
C0184,Germany,35-44,1,20,3,157.39,52.46,0.0,2024-12-12,2024-11-06
C0487,USA,35-44,1,120,3,157.13,52.38,0.0,2024-09-03,2024-03-13
C0297,Germany,25-34,1,4,6,156.33,26.05,0.0,2024-12-28,2024-03-07
C0546,United Kingdom,18-24,1,641,6,154.12,25.69,0.0,2023-04-01,2022-07-01
C0493,Spain,25-34,1,180,3,151.38,50.46,0.0,2024-07-05,2024-04-27
C0351,Portugal,65+,1,593,8,145.66,18.21,0.0,2023-05-19,2022-09-21
C0194,Switzerland,25-34,1,12,6,145.44,24.24,14.3,2024-12-20,2024-05-17
C0452,France,18-24,1,562,7,145.14,20.73,0.0,2023-06-19,2022-12-25
C0061,Spain,65+,1,768,4,143.56,35.89,0.0,2022-11-25,2022-02-21
C0391,USA,65+,1,13,3,143.37,47.79,0.0,2024-12-19,2024-08-15
C0595,Portugal,55-64,1,34,3,141.49,47.16,0.0,2024-11-28,2024-03-29
C0492,France,35-44,1,106,3,141.41,47.14,0.0,2024-09-17,2024-04-28
C0259,USA,45-54,1,848,4,139.88,34.97,0.0,2022-09-06,2022-04-25
C0296,Belgium,65+,1,5,6,139.15,23.19,0.0,2024-12-27,2024-03-09
C0589,USA,55-64,1,33,3,138.12,46.04,0.0,2024-11-29,2024-04-15
C0085,Belgium,65+,0,57,3,137.57,45.86,0.0,2024-11-05,2024-03-07
C0197,Portugal,55-64,1,47,4,137.49,34.37,0.0,2024-11-15,2024-03-09
C0183,Netherlands,65+,1,4,3,137.28,45.76,0.0,2024-12-28,2024-10-19
C0582,United Kingdom,65+,1,5,3,136.84,45.61,0.0,2024-12-27,2024-11-16
C0396,Germany,65+,1,148,4,133.5,33.38,0.0,2024-08-06,2024-04-02
C0285,Portugal,65+,1,21,3,131.95,43.98,0.0,2024-12-11,2024-03-25
C0292,Switzerland,18-24,0,33,4,131.72,32.93,0.0,2024-11-29,2024-04-04
C0387,Spain,35-44,1,30,4,129.76,32.44,0.0,2024-12-02,2024-03-07
C0088,Belgium,45-54,1,66,5,129.4,25.88,0.0,2024-10-27,2024-04-14
C0486,United Kingdom,25-34,1,16,4,128.96,32.24,0.0,2024-12-16,2024-03-12
C0143,Spain,35-44,1,554,5,128.59,25.72,0.0,2023-06-27,2022-07-30
C0181,Portugal,35-44,1,1,3,127.06,42.35,0.0,2024-12-31,2024-10-09
C0044,Switzerland,35-44,0,559,5,126.88,25.38,0.0,2023-06-22,2022-09-21
C0281,Switzerland,18-24,0,24,2,125.47,62.73,0.0,2024-12-08,2024-11-09
C0058,Germany,55-64,1,845,4,125.0,31.25,0.0,2022-09-09,2022-04-20
C0346,Belgium,18-24,1,606,5,122.98,24.6,0.0,2023-05-06,2022-08-23
C0383,Belgium,65+,0,8,3,122.25,40.75,0.0,2024-12-24,2024-10-07
C0287,Australia,65+,1,64,3,121.62,40.54,0.0,2024-10-29,2024-03-28
C0535,Belgium,18-24,0,571,5,121.03,24.21,0.0,2023-06-10,2022-12-03
C0036,Switzerland,65+,1,577,4,120.96,30.24,20.0,2023-06-04,2022-07-07
C0152,Belgium,18-24,1,575,6,120.84,20.14,0.0,2023-06-06,2022-06-11
C0499,Spain,55-64,1,17,3,120.55,40.18,0.0,2024-12-15,2024-06-03
C0174,Germany,45-54,1,33,2,120.48,60.24,0.0,2024-11-29,2024-11-16
C0482,Switzerland,55-64,1,1,3,120.42,40.14,0.0,2024-12-31,2024-11-10
C0540,USA,35-44,1,556,5,118.5,23.7,0.0,2023-06-25,2022-06-18
C0361,Germany,18-24,1,855,4,117.66,29.41,0.0,2022-08-30,2022-03-10
C0260,Switzerland,45-54,0,794,3,115.47,38.49,0.0,2022-10-30,2022-08-12
C0390,France,55-64,1,23,6,114.32,19.05,0.0,2024-12-09,2024-05-10
C0550,Netherlands,35-44,0,552,4,112.83,28.21,20.0,2023-06-29,2022-06-22
C0472,USA,18-24,0,15,3,111.42,37.14,0.0,2024-12-17,2024-10-09
C0573,United Kingdom,45-54,1,21,2,110.77,55.38,33.3,2024-12-11,2024-10-11
C0291,France,55-64,1,29,3,110.38,36.79,25.0,2024-12-03,2024-03-22
C0569,USA,18-24,0,943,3,109.85,36.62,25.0,2022-06-03,2022-01-19
C0049,Germany,45-54,1,572,5,108.93,21.79,0.0,2023-06-09,2022-06-08
C0365,Switzerland,35-44,1,743,4,108.74,27.18,0.0,2022-12-20,2022-07-08
C0459,Germany,45-54,1,977,2,108.07,54.04,0.0,2022-04-30,2022-03-04
C0565,Germany,45-54,0,828,3,107.7,35.9,0.0,2022-09-26,2022-05-29
C0342,Germany,18-24,1,560,5,107.23,21.45,16.7,2023-06-21,2022-09-02
C0463,Australia,45-54,1,734,2,105.03,52.52,0.0,2022-12-29,2022-11-22
C0170,Germany,65+,1,6,2,104.21,52.1,0.0,2024-12-26,2024-11-26
C0163,Germany,55-64,1,909,2,103.95,51.98,0.0,2022-07-07,2022-01-25
C0481,France,35-44,1,9,3,102.68,34.23,0.0,2024-12-23,2024-11-02
C0340,Switzerland,18-24,1,656,5,101.95,20.39,0.0,2023-03-17,2022-06-12
C0158,Germany,18-24,1,983,3,101.26,33.75,0.0,2022-04-24,2022-01-01
C0374,Portugal,25-34,1,54,2,100.71,50.36,0.0,2024-11-08,2024-10-09
C0559,Portugal,55-64,1,850,4,100.66,25.16,0.0,2022-09-04,2022-02-06
C0372,Australia,45-54,1,80,1,99.79,99.79,0.0,2024-10-13,2024-10-13
C0467,Belgium,55-64,1,827,4,99.72,24.93,0.0,2022-09-27,2022-01-03
C0464,USA,18-24,0,763,4,98.0,24.5,0.0,2022-11-30,2022-04-25
C0166,Spain,65+,1,770,4,97.64,24.41,0.0,2022-11-23,2022-05-12
C0271,USA,65+,1,47,3,97.46,32.49,0.0,2024-11-15,2024-10-23
C0473,Germany,55-64,1,36,3,96.65,32.22,0.0,2024-11-26,2024-10-05
C0075,Australia,18-24,1,65,1,96.61,96.61,0.0,2024-10-28,2024-10-28
C0375,Portugal,25-34,0,19,3,96.5,32.17,0.0,2024-12-13,2024-11-30
C0563,Portugal,25-34,1,819,3,94.73,31.58,0.0,2022-10-05,2022-03-08
C0475,Switzerland,35-44,0,46,2,94.63,47.31,0.0,2024-11-16,2024-10-15
C0157,Australia,35-44,1,892,4,94.6,23.65,0.0,2022-07-24,2022-05-05
C0284,Netherlands,35-44,1,44,1,94.35,94.35,0.0,2024-11-18,2024-11-18
C0462,Portugal,25-34,1,733,3,94.31,31.44,25.0,2022-12-30,2022-05-24
C0135,Belgium,55-64,1,576,5,93.92,18.78,0.0,2023-06-05,2022-06-14
C0578,Germany,18-24,1,25,3,93.58,31.19,0.0,2024-12-07,2024-10-21
C0282,Netherlands,18-24,0,6,3,92.44,30.81,0.0,2024-12-26,2024-11-10
C0055,USA,65+,1,765,4,92.26,23.07,0.0,2022-11-28,2022-05-06
C0162,France,55-64,1,751,4,90.17,22.54,0.0,2022-12-12,2022-07-06
C0182,Germany,25-34,0,74,2,90.16,45.08,0.0,2024-10-19,2024-10-06
C0574,Germany,18-24,1,4,3,90.15,30.05,0.0,2024-12-28,2024-11-24
C0084,Switzerland,35-44,1,15,2,89.82,44.91,0.0,2024-12-17,2024-11-03
C0257,Germany,25-34,1,934,3,85.42,28.47,0.0,2022-06-12,2022-05-01
C0558,Belgium,25-34,1,871,2,83.56,41.78,0.0,2022-08-14,2022-01-23
C0089,USA,25-34,1,49,4,83.25,20.81,0.0,2024-11-13,2024-03-10
C0562,Spain,45-54,1,981,2,83.22,41.61,0.0,2022-04-26,2022-02-17
C0073,Netherlands,25-34,0,34,1,78.63,78.63,0.0,2024-11-28,2024-11-28
C0094,Spain,45-54,0,13,3,78.29,26.1,0.0,2024-12-19,2024-03-03
C0060,Switzerland,65+,1,870,3,78.09,26.03,0.0,2022-08-15,2022-06-04
C0490,Australia,45-54,1,59,3,77.54,25.85,25.0,2024-11-03,2024-07-28
C0397,Switzerland,45-54,1,37,3,77.47,25.82,0.0,2024-11-25,2024-04-16
C0272,France,35-44,1,15,2,76.18,38.09,0.0,2024-12-17,2024-10-14
C0062,Netherlands,45-54,1,764,4,75.94,18.98,0.0,2022-11-29,2022-06-10
C0470,USA,18-24,0,31,3,75.36,25.12,0.0,2024-12-01,2024-10-24
C0466,Australia,55-64,1,953,3,75.25,25.08,0.0,2022-05-24,2022-01-25
C0077,Belgium,25-34,1,8,3,75.23,25.08,0.0,2024-12-24,2024-10-08
C0173,Netherlands,55-64,1,19,3,73.64,24.55,0.0,2024-12-13,2024-11-18
C0199,Spain,65+,0,38,6,71.75,11.96,14.3,2024-11-24,2024-03-18
C0264,Germany,18-24,1,797,3,71.27,23.76,0.0,2022-10-27,2022-01-12
C0078,Belgium,55-64,1,41,3,70.13,23.38,0.0,2024-11-21,2024-10-31
C0469,Portugal,25-34,0,914,3,69.89,23.3,0.0,2022-07-02,2022-03-20
C0164,Switzerland,45-54,1,824,2,69.52,34.76,33.3,2022-09-30,2022-01-13
C0479,Netherlands,45-54,0,6,2,67.68,33.84,0.0,2024-12-26,2024-12-08
C0065,Belgium,18-24,1,789,4,67.66,16.91,0.0,2022-11-04,2022-03-29
C0067,United Kingdom,65+,1,855,2,66.44,33.22,0.0,2022-08-30,2022-02-07
C0279,Portugal,65+,0,20,3,66.2,22.07,0.0,2024-12-12,2024-10-01
C0564,Netherlands,65+,0,949,3,65.28,21.76,0.0,2022-05-28,2022-04-22
C0376,Belgium,65+,1,43,1,64.88,64.88,0.0,2024-11-19,2024-11-19
C0364,USA,45-54,1,791,3,64.16,21.39,0.0,2022-11-02,2022-04-25
C0561,USA,55-64,1,794,4,63.66,15.91,0.0,2022-10-30,2022-02-19
C0169,United Kingdom,25-34,1,928,3,63.33,21.11,0.0,2022-06-18,2022-02-02
C0480,Switzerland,25-34,0,25,2,62.85,31.43,0.0,2024-12-07,2024-12-04
C0378,Australia,25-34,1,89,1,62.29,62.29,0.0,2024-10-04,2024-10-04
C0580,Australia,45-54,1,68,1,61.52,61.52,0.0,2024-10-25,2024-10-25
C0583,USA,45-54,1,29,2,61.47,30.73,0.0,2024-12-03,2024-11-24
C0371,Spain,18-24,1,25,3,61.23,20.41,0.0,2024-12-07,2024-10-24
C0368,Switzerland,55-64,1,787,3,61.22,20.41,0.0,2022-11-06,2022-03-07
C0195,Netherlands,45-54,1,195,3,60.29,20.1,0.0,2024-06-20,2024-05-05
C0576,Portugal,35-44,1,21,3,59.36,19.79,0.0,2024-12-11,2024-10-17
C0059,Germany,55-64,1,967,1,59.35,59.35,0.0,2022-05-10,2022-05-10
C0283,United Kingdom,25-34,1,40,2,59.15,29.58,0.0,2024-11-22,2024-10-08
C0172,Netherlands,25-34,1,73,2,58.64,29.32,0.0,2024-10-20,2024-10-03
C0381,Netherlands,45-54,0,10,3,56.85,18.95,0.0,2024-12-22,2024-12-02
C0076,France,18-24,1,29,3,56.66,18.89,0.0,2024-12-03,2024-10-11
C0180,France,55-64,0,33,1,56.64,56.64,0.0,2024-11-29,2024-11-29
C0393,USA,45-54,1,84,3,54.41,18.14,0.0,2024-10-09,2024-03-06
C0270,Netherlands,55-64,0,33,1,54.32,54.32,0.0,2024-11-29,2024-11-29
C0476,Switzerland,18-24,1,4,2,52.56,26.28,0.0,2024-12-28,2024-11-06
C0255,Portugal,45-54,1,795,4,51.78,12.95,0.0,2022-10-29,2022-05-04
C0555,Switzerland,35-44,0,839,2,51.42,25.71,0.0,2022-09-15,2022-05-25
C0362,Portugal,55-64,0,748,2,51.22,25.61,0.0,2022-12-15,2022-11-01
C0161,Portugal,18-24,1,864,2,50.64,25.32,0.0,2022-08-21,2022-01-28
C0575,Netherlands,35-44,1,21,2,50.27,25.13,0.0,2024-12-11,2024-12-02
C0155,Spain,35-44,1,1050,2,49.37,24.68,0.0,2022-02-16,2022-01-01
C0079,France,25-34,1,43,2,49.05,24.52,0.0,2024-11-19,2024-11-17
C0392,United Kingdom,18-24,1,22,3,48.93,16.31,0.0,2024-12-10,2024-03-25
C0156,Australia,25-34,1,905,2,48.64,24.32,0.0,2022-07-11,2022-04-15
C0266,Switzerland,35-44,0,829,2,47.59,23.8,0.0,2022-09-25,2022-01-06
C0556,Portugal,35-44,1,858,2,47.56,23.78,0.0,2022-08-27,2022-04-06
C0474,United Kingdom,35-44,1,32,3,47.4,15.8,0.0,2024-11-30,2024-10-07
C0370,Australia,35-44,1,17,2,47.04,23.52,0.0,2024-12-15,2024-12-12
C0280,Switzerland,35-44,1,13,2,46.84,23.42,0.0,2024-12-19,2024-11-04
C0273,Belgium,18-24,1,59,3,46.17,15.39,0.0,2024-11-03,2024-10-09
C0457,Portugal,35-44,1,990,1,45.65,45.65,0.0,2022-04-17,2022-04-17
C0366,France,55-64,0,835,1,45.44,45.44,0.0,2022-09-19,2022-09-19
C0080,Belgium,45-54,1,33,2,45.32,22.66,0.0,2024-11-29,2024-10-11
C0066,France,45-54,1,742,3,42.92,14.31,0.0,2022-12-21,2022-01-15
C0468,USA,45-54,0,890,3,42.87,14.29,0.0,2022-07-26,2022-04-16
C0086,United Kingdom,18-24,1,183,3,41.89,13.96,0.0,2024-07-02,2024-03-09
C0274,Germany,25-34,1,3,2,41.81,20.91,0.0,2024-12-29,2024-12-09
C0369,Belgium,35-44,1,787,2,41.7,20.85,0.0,2022-11-06,2022-03-07
C0276,Belgium,25-34,1,1,2,41.46,20.73,0.0,2024-12-31,2024-10-01
C0171,Switzerland,18-24,1,25,2,41.15,20.57,0.0,2024-12-07,2024-10-11
C0477,Germany,25-34,0,28,1,39.16,39.16,0.0,2024-12-04,2024-12-04
C0190,Netherlands,55-64,0,21,3,38.88,12.96,0.0,2024-12-11,2024-07-29
C0278,France,55-64,1,38,2,38.14,19.07,0.0,2024-11-24,2024-11-05
C0069,Netherlands,35-44,1,825,2,38.13,19.07,0.0,2022-09-29,2022-09-15
C0057,Australia,25-34,1,936,3,37.46,12.49,0.0,2022-06-10,2022-02-16
C0360,Switzerland,55-64,1,923,2,37.42,18.71,0.0,2022-06-23,2022-01-16
C0382,Switzerland,45-54,1,68,1,36.47,36.47,0.0,2024-10-25,2024-10-25
C0471,United Kingdom,45-54,1,3,2,36.15,18.07,0.0,2024-12-29,2024-10-03
C0178,USA,55-64,1,67,2,35.51,17.76,0.0,2024-10-26,2024-10-21
C0380,Portugal,55-64,1,92,1,33.52,33.52,0.0,2024-10-01,2024-10-01
C0483,Germany,18-24,1,8,1,32.5,32.5,0.0,2024-12-24,2024-12-24
C0082,Portugal,25-34,0,33,1,32.03,32.03,0.0,2024-11-29,2024-11-29
C0072,Netherlands,18-24,1,78,1,31.89,31.89,0.0,2024-10-15,2024-10-15
C0377,Netherlands,25-34,1,2,1,31.19,31.19,0.0,2024-12-30,2024-12-30
C0384,Australia,35-44,1,18,1,30.97,30.97,0.0,2024-12-14,2024-12-14
C0177,USA,35-44,1,5,1,30.93,30.93,0.0,2024-12-27,2024-12-27
C0455,Germany,25-34,0,765,1,28.45,28.45,0.0,2022-11-28,2022-11-28
C0373,Netherlands,65+,1,73,1,28.29,28.29,0.0,2024-10-20,2024-10-20
C0160,Netherlands,45-54,1,889,1,27.63,27.63,0.0,2022-07-27,2022-07-27
C0367,France,18-24,1,969,1,27.19,27.19,0.0,2022-05-08,2022-05-08
C0167,France,25-34,1,873,1,26.93,26.93,0.0,2022-08-12,2022-08-12
C0262,Switzerland,35-44,1,820,1,26.74,26.74,0.0,2022-10-04,2022-10-04
C0484,USA,65+,1,10,1,26.09,26.09,0.0,2024-12-22,2024-12-22
C0083,Netherlands,25-34,1,8,1,25.86,25.86,50.0,2024-12-24,2024-11-23
C0265,France,55-64,1,941,1,25.81,25.81,0.0,2022-06-05,2022-06-05
C0456,Spain,18-24,0,756,2,25.59,12.79,0.0,2022-12-07,2022-04-10
C0359,Australia,35-44,0,789,1,24.75,24.75,0.0,2022-11-04,2022-11-04
C0064,Germany,55-64,1,1071,1,24.39,24.39,0.0,2022-01-26,2022-01-26
C0566,Australia,55-64,0,916,1,24.29,24.29,0.0,2022-06-30,2022-06-30
C0358,Belgium,25-34,0,820,1,24.25,24.25,0.0,2022-10-04,2022-10-04
C0056,United Kingdom,18-24,0,954,1,24.09,24.09,50.0,2022-05-23,2022-02-12
C0568,Spain,65+,1,821,2,23.5,11.75,0.0,2022-10-03,2022-03-07
C0165,Netherlands,55-64,1,780,2,23.37,11.68,0.0,2022-11-13,2022-03-16
C0465,Belgium,18-24,1,838,2,23.32,11.66,0.0,2022-09-16,2022-01-20
C0277,USA,55-64,1,27,1,22.92,22.92,0.0,2024-12-05,2024-12-05
C0168,United Kingdom,45-54,0,884,1,22.89,22.89,50.0,2022-08-01,2022-04-03
C0258,USA,55-64,0,795,1,22.74,22.74,0.0,2022-10-29,2022-10-29
C0458,Netherlands,65+,1,931,1,22.7,22.7,0.0,2022-06-15,2022-06-15
C0159,Portugal,45-54,1,879,3,22.56,7.52,0.0,2022-08-06,2022-01-18
C0063,Belgium,18-24,0,776,2,20.97,10.49,0.0,2022-11-17,2022-07-13
C0081,France,65+,0,73,2,17.73,8.87,0.0,2024-10-20,2024-10-07
C0557,Belgium,55-64,1,909,1,16.78,16.78,0.0,2022-07-07,2022-07-07
C0581,France,25-34,0,46,1,16.04,16.04,0.0,2024-11-16,2024-11-16
C0263,France,65+,1,756,1,15.77,15.77,0.0,2022-12-07,2022-12-07
C0379,Spain,45-54,1,13,2,15.71,7.86,0.0,2024-12-19,2024-11-21
C0560,Netherlands,45-54,1,1034,1,14.58,14.58,0.0,2022-03-04,2022-03-04
C0572,Belgium,45-54,1,62,1,14.43,14.43,0.0,2024-10-31,2024-10-31
C0567,Belgium,65+,1,1025,1,14.13,14.13,0.0,2022-03-13,2022-03-13
C0478,France,65+,1,9,2,13.22,6.61,0.0,2024-12-23,2024-12-21
C0570,Switzerland,18-24,1,59,1,13.1,13.1,0.0,2024-11-03,2024-11-03
C0175,Netherlands,55-64,0,39,1,12.35,12.35,50.0,2024-11-23,2024-11-12
C0268,USA,55-64,1,792,1,12.35,12.35,0.0,2022-11-01,2022-11-01
C0357,Belgium,45-54,0,885,1,11.48,11.48,0.0,2022-07-31,2022-07-31
C0074,Australia,18-24,1,56,1,9.84,9.84,0.0,2024-11-06,2024-11-06
C0267,Netherlands,55-64,1,933,1,9.04,9.04,0.0,2022-06-13,2022-06-13
C0068,France,35-44,1,894,1,9.0,9.0,0.0,2022-07-22,2022-07-22
C0176,Germany,55-64,0,82,1,8.67,8.67,0.0,2024-10-11,2024-10-11
C0269,Spain,18-24,1,794,1,8.26,8.26,0.0,2022-10-30,2022-10-30
C0363,Portugal,35-44,1,758,1,7.85,7.85,0.0,2022-12-05,2022-12-05
C0261,Portugal,45-54,1,758,1,7.79,7.79,0.0,2022-12-05,2022-12-05
C0070,Spain,65+,1,29,1,7.36,7.36,0.0,2024-12-03,2024-12-03
C0256,Portugal,18-24,1,857,1,6.71,6.71,0.0,2022-08-28,2022-08-28
C0179,France,45-54,0,33,1,6.23,6.23,0.0,2024-11-29,2024-11-29
C0577,Portugal,35-44,1,14,1,4.32,4.32,50.0,2024-12-18,2024-11-06
